{
  "BTC/USDC": {
    "1d": [],
    "4h": []
  },
  "ETH/USDC": {
    "1d": [
      4751.87,
      4271,
      4007.2,
      3797.1,
      3393.71,
      3055.96,
      2774.35,
      2374.01,
      2150.12,
      1961.72,
      1823.87,
      1577.21,
      1465,
      1245.76,
      1032.5
    ],
    "4h": [
      4833.19,
      4606.97,
      4442.59,
      4171,
      4087.2,
      3906.25,
      3677.98,
      3589.3,
      3508,
      3263.5,
      3149.55,
      2989.97,
      2913.23,
      2606.08,
      2483.08,
      2275.78,
      2079.88,
      1723.01
    ]
  },
  "ETH/USDT": {
    "1d": [
      4751.87,
      4271,
      4007.2,
      3797.1,
      3393.71,
      3055.96,
      2774.35,
      2374.01,
      2150.12,
      1961.72,
      1823.87,
      1577.21,
      1465,
      1245.76,
      1032.5
    ],
    "4h": [
      4833.19,
      4606.97,
      4442.59,
      4171,
      4087.2,
      3906.25,
      3677.98,
      3589.3,
      3508,
      3263.5,
      3149.55,
      2989.97,
      2913.23,
      2606.08,
      2483.08,
      2275.78,
      2079.88,
      1723.01
    ]
  },
  "ADA/USDC": {
    "1d": [
      2.952,
      2.309,
      1.9108,
      1.495,
      1.1333,
      1.02,
      0.8124,
      0.6405,
      0.5445,
      0.417,
      0.3164,
      0.2492
    ],
    "4h": [
      0.6844,
      0.5975,
      0.4993,
      0.4527,
      0.3806,
      0.3465,
      0.2876,
      0.2785,
      0.2586
    ]
  },
  "ADA/USDT": {
    "1d": [
      2.952,
      2.309,
      1.9108,
      1.495,
      1.1333,
      1.02,
      0.8124,
      0.6405,
      0.5445,
      0.417,
      0.3164,
      0.2492
    ],
    "4h": [
      0.6844,
      0.5975,
      0.4993,
      0.4527,
      0.3806,
      0.3465,
      0.2876,
      0.2785,
      0.2586
    ]
  },
  "OGN/USDC": {
    "1d": [
      3.0833,
      1.9764,
      1.3789,
      0.9579,
      0.751,
      0.4798,
      0.253,
      0.182,
      0.1354,
      0.1056,
      0.0806,
      0.0672,
      0.0443,
      0.029,
      0.01877
    ],
    "4h": [
      0.0601,
      0.0504,
      0.038,
      0.0325,
      0.02558,
      0.02326,
      0.0213
    ]
  },
  "OGN/USDT": {
    "1d": [
      3.0833,
      1.9764,
      1.3789,
      0.9579,
      0.751,
      0.4798,
      0.253,
      0.182,
      0.1354,
      0.1056,
      0.0806,
      0.0672,
      0.0443,
      0.029,
      0.01877
    ],
    "4h": [
      0.0601,
      0.0504,
      0.038,
      0.0325,
      0.02558,
      0.02326,
      0.0213
    ]
  },
  "BNB/USDC": {
    "1d": [
      228.8,
      256.1,
      288,
      324.1,
      400,
      469,
      517.68,
      554.45,
      600.23,
      642.27,
      673,
      730,
      818.03,
      956.14,
      1048.42,
      1138.52,
      1307.8
    ],
    "4h": [
      629.28,
      782.25,
      858.17,
      883.94,
      906.69,
      923.19,
      1000.76,
      1097.57,
      1225.22
    ]
  },
  "BNB/USDT": {
    "1d": [
      228.8,
      256.1,
      288,
      324.1,
      400,
      469,
      517.68,
      554.45,
      600.23,
      642.27,
      673,
      730,
      818.03,
      956.14,
      1048.42,
      1138.52,
      1307.8
    ],
    "4h": [
      629.28,
      782.25,
      858.17,
      883.94,
      906.69,
      923.19,
      1000.76,
      1097.57,
      1225.22
    ]
  },
  "AAVE/USDT": {
    "1d": [
      628.75,
      523.34,
      444.06,
      379.32,
      348.67,
      317.33,
      276,
      232.8,
      199.23,
      178.53,
      162.3,
      142.71,
      129.37,
      113.4,
      94,
      80.6,
      77.1,
      68.3,
      60.7,
      54.8
    ],
    "4h": [
      327.85,
      304.87,
      292.02,
      263.33,
      244.25,
      213.98,
      187.65,
      169.89,
      153.29,
      122.61,
      104.98,
      98.71,
      87.37,
      83.15
    ]
  },
  "AAVE/USDC": {
    "1d": [
      628.75,
      523.34,
      444.06,
      379.32,
      348.67,
      317.33,
      276,
      232.8,
      199.23,
      178.53,
      162.3,
      142.71,
      129.37,
      113.4,
      94,
      80.6,
      77.1,
      68.3,
      60.7,
      54.8
    ],
    "4h": [
      327.85,
      304.87,
      292.02,
      263.33,
      244.25,
      213.98,
      187.65,
      169.89,
      153.29,
      122.61,
      104.98,
      98.71,
      87.37,
      83.15
    ]
  },
  "ALGO/USDC": {
    "1d": [
      1.334,
      0.961,
      0.8141,
      0.69,
      0.5074,
      0.415,
      0.3216,
      0.2806,
      0.2249,
      0.1736,
      0.1424,
      0.1073,
      0.0806
    ],
    "4h": [
      0.2621,
      0.2508,
      0.2398,
      0.2066,
      0.1867,
      0.1606,
      0.1244,
      0.0996,
      0.0908,
      0.0847
    ]
  },
  "ALGO/USDT": {
    "1d": [
      1.334,
      0.961,
      0.8141,
      0.69,
      0.5074,
      0.415,
      0.3216,
      0.2806,
      0.2249,
      0.1736,
      0.1424,
      0.1073,
      0.0806
    ],
    "4h": [
      0.2621,
      0.2508,
      0.2398,
      0.2066,
      0.1867,
      0.1606,
      0.1244,
      0.0996,
      0.0908,
      0.0847
    ]
  },
  "DEGO/USDT": {
    "1d": [
      19.5,
      13.814,
      10.71,
      8.668,
      6.07,
      4.105,
      3.284,
      2.65,
      2.197,
      1.84,
      1.639,
      1.408,
      1.17,
      0.969,
      0.436,
      0.259,
      0.033
    ],
    "4h": [
      1.337,
      1.272,
      1.212,
      1.093,
      1.038,
      0.729,
      0.623,
      0.573,
      0.514,
      0.473,
      0.378,
      0.336,
      0.3
    ]
  },
  "DEGO/USDC": {
    "1d": [
      19.5,
      13.814,
      10.71,
      8.668,
      6.07,
      4.105,
      3.284,
      2.65,
      2.197,
      1.84,
      1.639,
      1.408,
      1.17,
      0.969,
      0.436,
      0.259,
      0.033
    ],
    "4h": [
      1.337,
      1.272,
      1.212,
      1.093,
      1.038,
      0.729,
      0.623,
      0.573,
      0.514,
      0.473,
      0.378,
      0.336,
      0.3
    ]
  },
  "DOGE/USDT": {
    "1d": [
      0.46635,
      0.4,
      0.33996,
      0.31192,
      0.27375,
      0.24482,
      0.20658,
      0.18178,
      0.15171,
      0.13321,
      0.11612,
      0.095,
      0.08229,
      0.075,
      0.0679,
      0.05678,
      0.02824
    ],
    "4h": [
      0.48434,
      0.4377,
      0.4186,
      0.36471,
      0.29172,
      0.26045,
      0.22452,
      0.1651,
      0.14209,
      0.12576,
      0.10819,
      0.1023,
      0.08859,
      0.07775,
      0.07336,
      0.06465,
      0.06297,
      0.06176,
      0.06001,
      0.05802
    ]
  },
  "DOGE/USDC": {
    "1d": [
      0.46635,
      0.4,
      0.33996,
      0.31192,
      0.27375,
      0.24482,
      0.20658,
      0.18178,
      0.15171,
      0.13321,
      0.11612,
      0.095,
      0.08229,
      0.075,
      0.0679,
      0.05678,
      0.02824
    ],
    "4h": [
      0.48434,
      0.4377,
      0.4186,
      0.36471,
      0.29172,
      0.26045,
      0.22452,
      0.1651,
      0.14209,
      0.12576,
      0.10819,
      0.1023,
      0.08859,
      0.07775,
      0.07336,
      0.06465,
      0.06297,
      0.06176,
      0.06001,
      0.05802
    ]
  }
}
