{
  "BTC/USDC": {
    "1d": [],
    "4h": []
  },
  "ETH/USDC": {
    "1d": [],
    "4h": []
  },
  "ADA/USDC": {
    "1d": [
      2.952,
      2.309,
      1.9108,
      1.495,
      1.1333,
      1.02,
      0.8124,
      0.6405,
      0.5445,
      0.417,
      0.3164,
      0.2492
    ],
    "4h": [
      0.6844,
      0.5975,
      0.4993,
      0.4527,
      0.3806,
      0.3465,
      0.2876,
      0.2785,
      0.2586
    ]
  },
  "ADA/USDT": {
    "1d": [
      2.952,
      2.309,
      1.9108,
      1.495,
      1.1333,
      1.02,
      0.8124,
      0.6405,
      0.5445,
      0.417,
      0.3164,
      0.2492
    ],
    "4h": [
      0.6844,
      0.5975,
      0.4993,
      0.4527,
      0.3806,
      0.3465,
      0.2876,
      0.2785,
      0.2586
    ]
  },
  "OGN/USDC": {
    "1d": [
      3.0833,
      1.9764,
      1.3789,
      0.9579,
      0.751,
      0.4798,
      0.253,
      0.182,
      0.1354,
      0.1056,
      0.0806,
      0.0672,
      0.0443,
      0.029,
      0.01877
    ],
    "4h": [
      0.0601,
      0.0504,
      0.038,
      0.0325,
      0.02558,
      0.02326,
      0.0213
    ]
  },
  "OGN/USDT": {
    "1d": [
      3.0833,
      1.9764,
      1.3789,
      0.9579,
      0.751,
      0.4798,
      0.253,
      0.182,
      0.1354,
      0.1056,
      0.0806,
      0.0672,
      0.0443,
      0.029,
      0.01877
    ],
    "4h": [
      0.0601,
      0.0504,
      0.038,
      0.0325,
      0.02558,
      0.02326,
      0.0213
    ]
  },
  "BNB/USDC": {
    "1d": [
      228.8,
      256.1,
      288,
      324.1,
      400,
      469,
      517.68,
      554.45,
      600.23,
      642.27,
      673,
      730,
      818.03,
      956.14,
      1048.42,
      1138.52,
      1307.8
    ],
    "4h": [
      629.28,
      782.25,
      858.17,
      883.94,
      906.69,
      923.19,
      1000.76,
      1097.57,
      1225.22
    ]
  },
  "BNB/USDT": {
    "1d": [
      228.8,
      256.1,
      288,
      324.1,
      400,
      469,
      517.68,
      554.45,
      600.23,
      642.27,
      673,
      730,
      818.03,
      956.14,
      1048.42,
      1138.52,
      1307.8
    ],
    "4h": [
      629.28,
      782.25,
      858.17,
      883.94,
      906.69,
      923.19,
      1000.76,
      1097.57,
      1225.22
    ]
  }
}
